team,path,distance
Texas,Texas->UCLA,1
South Carolina,South Carolina->Texas->UCLA,2
Vanderbilt,Vanderbilt->Texas->UCLA,2
LSU,LSU->Texas->UCLA,2
Oklahoma,Oklahoma->South Carolina->Texas->UCLA,3
Duke,Duke->LSU->Texas->UCLA,3
Ole Miss,Ole Miss->Vanderbilt->Texas->UCLA,3
Kentucky,Kentucky->LSU->Texas->UCLA,3
Georgia,Georgia->Vanderbilt->Texas->UCLA,3
Notre Dame,Notre Dame->Vanderbilt->Texas->UCLA,3
Baylor,Baylor->Duke->LSU->Texas->UCLA,4
Maryland,Maryland->Kentucky->LSU->Texas->UCLA,4
UNC,UNC->Duke->LSU->Texas->UCLA,4
California,California->Notre Dame->Vanderbilt->Texas->UCLA,4
Florida,Florida->Ole Miss->Vanderbilt->Texas->UCLA,4
Mississippi State,Mississippi State->Kentucky->LSU->Texas->UCLA,4
Clemson,Clemson->Duke->LSU->Texas->UCLA,4
Alabama,Alabama->Kentucky->LSU->Texas->UCLA,4
South Florida,South Florida->Duke->LSU->Texas->UCLA,4
Kansas State,Kansas State->Ole Miss->Vanderbilt->Texas->UCLA,4
West Virginia,West Virginia->Duke->LSU->Texas->UCLA,4
UConn,UConn->Notre Dame->Vanderbilt->Texas->UCLA,4
Louisville,Louisville->Notre Dame->Vanderbilt->Texas->UCLA,4
Tennessee,Tennessee->Kentucky->LSU->Texas->UCLA,4
Michigan,Michigan->Notre Dame->Vanderbilt->Texas->UCLA,4
Michigan State,Michigan State->Ole Miss->Vanderbilt->Texas->UCLA,4
Virginia,Virginia->Georgia->Vanderbilt->Texas->UCLA,4
Minnesota,Minnesota->Ole Miss->Vanderbilt->Texas->UCLA,4
Texas A&M,Texas A&M->Ole Miss->Vanderbilt->Texas->UCLA,4
Georgia Tech,Georgia Tech->Notre Dame->Vanderbilt->Texas->UCLA,4
San Diego State,San Diego State->Kansas State->Ole Miss->Vanderbilt->Texas->UCLA,5
Iowa State,Iowa State->Kansas State->Ole Miss->Vanderbilt->Texas->UCLA,5
Iowa,Iowa->Maryland->Kentucky->LSU->Texas->UCLA,5
Temple,Temple->South Florida->Duke->LSU->Texas->UCLA,5
Wake Forest,Wake Forest->Georgia Tech->Notre Dame->Vanderbilt->Texas->UCLA,5
Missouri,Missouri->Mississippi State->Kentucky->LSU->Texas->UCLA,5
Utah,Utah->West Virginia->Duke->LSU->Texas->UCLA,5
Oregon,Oregon->Maryland->Kentucky->LSU->Texas->UCLA,5
Stanford,Stanford->Clemson->Duke->LSU->Texas->UCLA,5
Washington,Washington->Maryland->Kentucky->LSU->Texas->UCLA,5
McNeese,McNeese->Texas A&M->Ole Miss->Vanderbilt->Texas->UCLA,5
Nebraska,Nebraska->Virginia->Georgia->Vanderbilt->Texas->UCLA,5
St. John's (NY),St. John's (NY)->Georgia Tech->Notre Dame->Vanderbilt->Texas->UCLA,5
Auburn,Auburn->Alabama->Kentucky->LSU->Texas->UCLA,5
Miami (FL),Miami (FL)->California->Notre Dame->Vanderbilt->Texas->UCLA,5
East Carolina,East Carolina->South Florida->Duke->LSU->Texas->UCLA,5
Jacksonville,Jacksonville->Georgia Tech->Notre Dame->Vanderbilt->Texas->UCLA,5
UMBC,UMBC->Virginia->Georgia->Vanderbilt->Texas->UCLA,5
South Dakota,South Dakota->Kansas State->Ole Miss->Vanderbilt->Texas->UCLA,5
South Dakota State,South Dakota State->Kansas State->Ole Miss->Vanderbilt->Texas->UCLA,5
Green Bay,Green Bay->Kansas State->Ole Miss->Vanderbilt->Texas->UCLA,5
Texas Tech,Texas Tech->Mississippi State->Kentucky->LSU->Texas->UCLA,5
Villanova,Villanova->West Virginia->Duke->LSU->Texas->UCLA,5
NC State,NC State->Tennessee->Kentucky->LSU->Texas->UCLA,5
USC,USC->Clemson->Duke->LSU->Texas->UCLA,5
Illinois,Illinois->Maryland->Kentucky->LSU->Texas->UCLA,5
Virginia Tech,Virginia Tech->Clemson->Duke->LSU->Texas->UCLA,5
Florida Atlantic,Florida Atlantic->South Florida->Duke->LSU->Texas->UCLA,5
UT Arlington,UT Arlington->Texas A&M->Ole Miss->Vanderbilt->Texas->UCLA,5
Syracuse,Syracuse->Clemson->Duke->LSU->Texas->UCLA,5
Wisconsin,Wisconsin->Michigan State->Ole Miss->Vanderbilt->Texas->UCLA,5
Kansas,Kansas->Kansas State->Ole Miss->Vanderbilt->Texas->UCLA,5
Tulsa,Tulsa->Florida->Ole Miss->Vanderbilt->Texas->UCLA,5
Fairfield,Fairfield->South Florida->Duke->LSU->Texas->UCLA,5
TCU,TCU->Baylor->Duke->LSU->Texas->UCLA,5
Arizona,Arizona->Kansas State->Ole Miss->Vanderbilt->Texas->UCLA,5
UTSA,UTSA->South Florida->Duke->LSU->Texas->UCLA,5
Colorado,Colorado->Baylor->Duke->LSU->Texas->UCLA,5
Navy,Navy->Florida->Ole Miss->Vanderbilt->Texas->UCLA,5
Columbia,Columbia->California->Notre Dame->Vanderbilt->Texas->UCLA,5
Rice,Rice->South Florida->Duke->LSU->Texas->UCLA,5
Ohio State,Ohio State->Maryland->Kentucky->LSU->Texas->UCLA,5
Princeton,Princeton->Georgia Tech->Notre Dame->Vanderbilt->Texas->UCLA,5
Grand Canyon,Grand Canyon->San Diego State->Kansas State->Ole Miss->Vanderbilt->Texas->UCLA,6
Loyola (MD),Loyola (MD)->UMBC->Virginia->Georgia->Vanderbilt->Texas->UCLA,6
Southern,Southern->Arizona->Kansas State->Ole Miss->Vanderbilt->Texas->UCLA,6
Oklahoma State,Oklahoma State->Texas Tech->Mississippi State->Kentucky->LSU->Texas->UCLA,6
Florida State,Florida State->Miami (FL)->California->Notre Dame->Vanderbilt->Texas->UCLA,6
Marshall,Marshall->UMBC->Virginia->Georgia->Vanderbilt->Texas->UCLA,6
Penn State,Penn State->San Diego State->Kansas State->Ole Miss->Vanderbilt->Texas->UCLA,6
Purdue,Purdue->Wisconsin->Michigan State->Ole Miss->Vanderbilt->Texas->UCLA,6
Radford,Radford->Navy->Florida->Ole Miss->Vanderbilt->Texas->UCLA,6
Illinois State,Illinois State->South Dakota->Kansas State->Ole Miss->Vanderbilt->Texas->UCLA,6
Dayton,Dayton->Kansas->Minnesota->Ole Miss->Vanderbilt->Texas->UCLA,6
Missouri State,Missouri State->UT Arlington->Texas A&M->Ole Miss->Vanderbilt->Texas->UCLA,6
Troy,Troy->Missouri->California->Notre Dame->Vanderbilt->Texas->UCLA,6
Arizona State,Arizona State->Colorado->Baylor->Duke->LSU->Texas->UCLA,6
Eastern Washington,Eastern Washington->South Dakota->Kansas State->Ole Miss->Vanderbilt->Texas->UCLA,6
West Georgia,West Georgia->Jacksonville->Georgia Tech->Notre Dame->Vanderbilt->Texas->UCLA,6
Iona,Iona->Navy->Florida->Ole Miss->Vanderbilt->Texas->UCLA,6
Marquette,Marquette->Wisconsin->Michigan State->Ole Miss->Vanderbilt->Texas->UCLA,6
Memphis,Memphis->Florida Atlantic->South Florida->Duke->LSU->Texas->UCLA,6
Oral Roberts,Oral Roberts->South Dakota->Kansas State->Ole Miss->Vanderbilt->Texas->UCLA,6
Stephen F. Austin,Stephen F. Austin->McNeese->Texas A&M->Ole Miss->Vanderbilt->Texas->UCLA,6
UAB,UAB->UTSA->South Florida->Duke->LSU->Texas->UCLA,6
Northwestern State,Northwestern State->McNeese->Texas A&M->Ole Miss->Vanderbilt->Texas->UCLA,6
Duquesne,Duquesne->Navy->Florida->Ole Miss->Vanderbilt->Texas->UCLA,6
Stetson,Stetson->Jacksonville->Georgia Tech->Notre Dame->Vanderbilt->Texas->UCLA,6
Binghamton,Binghamton->UMBC->Virginia->Georgia->Vanderbilt->Texas->UCLA,6
Charlotte,Charlotte->Florida Atlantic->South Florida->Duke->LSU->Texas->UCLA,6
Tulane,Tulane->Temple->South Florida->Duke->LSU->Texas->UCLA,6
Austin Peay,Austin Peay->Jacksonville->Georgia Tech->Notre Dame->Vanderbilt->Texas->UCLA,6
Holy Cross,Holy Cross->Navy->Florida->Ole Miss->Vanderbilt->Texas->UCLA,6
Quinnipiac,Quinnipiac->Fairfield->South Florida->Duke->LSU->Texas->UCLA,6
UCF,UCF->East Carolina->South Florida->Duke->LSU->Texas->UCLA,6
Miami (OH),Miami (OH)->Green Bay->Kansas State->Ole Miss->Vanderbilt->Texas->UCLA,6
James Madison,James Madison->East Carolina->South Florida->Duke->LSU->Texas->UCLA,6
Kent State,Kent State->Tulsa->Florida->Ole Miss->Vanderbilt->Texas->UCLA,6
North Texas,North Texas->Florida Atlantic->South Florida->Duke->LSU->Texas->UCLA,6
UMass,UMass->Florida Atlantic->South Florida->Duke->LSU->Texas->UCLA,6
Old Dominion,Old Dominion->East Carolina->South Florida->Duke->LSU->Texas->UCLA,6
Florida International,Florida International->UMBC->Virginia->Georgia->Vanderbilt->Texas->UCLA,6
Abilene Christian,Abilene Christian->UT Arlington->Texas A&M->Ole Miss->Vanderbilt->Texas->UCLA,6
Cleveland State,Cleveland State->Green Bay->Kansas State->Ole Miss->Vanderbilt->Texas->UCLA,6
Creighton,Creighton->St. John's (NY)->Georgia Tech->Notre Dame->Vanderbilt->Texas->UCLA,6
Eastern Kentucky,Eastern Kentucky->Jacksonville->Georgia Tech->Notre Dame->Vanderbilt->Texas->UCLA,6
High Point,High Point->East Carolina->South Florida->Duke->LSU->Texas->UCLA,6
Rhode Island,Rhode Island->NC State->Tennessee->Kentucky->LSU->Texas->UCLA,6
North Alabama,North Alabama->Jacksonville->Georgia Tech->Notre Dame->Vanderbilt->Texas->UCLA,6
North Dakota State,North Dakota State->South Dakota State->Kansas State->Ole Miss->Vanderbilt->Texas->UCLA,6
NJIT,NJIT->UMBC->Virginia->Georgia->Vanderbilt->Texas->UCLA,6
Purdue Fort Wayne,Purdue Fort Wayne->Green Bay->Kansas State->Ole Miss->Vanderbilt->Texas->UCLA,6
Wichita State,Wichita State->East Carolina->South Florida->Duke->LSU->Texas->UCLA,6
California Baptist,California Baptist->UT Arlington->Texas A&M->Ole Miss->Vanderbilt->Texas->UCLA,6
Air Force,Air Force->San Diego State->Kansas State->Ole Miss->Vanderbilt->Texas->UCLA,6
South Alabama,South Alabama->Florida Atlantic->South Florida->Duke->LSU->Texas->UCLA,6
Southern Utah,Southern Utah->UT Arlington->Texas A&M->Ole Miss->Vanderbilt->Texas->UCLA,6
Tarleton State,Tarleton State->UT Arlington->Texas A&M->Ole Miss->Vanderbilt->Texas->UCLA,6
Utah Valley,Utah Valley->UT Arlington->Texas A&M->Ole Miss->Vanderbilt->Texas->UCLA,6
New Mexico,New Mexico->Arizona->Kansas State->Ole Miss->Vanderbilt->Texas->UCLA,6
Santa Clara,Santa Clara->San Diego State->Kansas State->Ole Miss->Vanderbilt->Texas->UCLA,6
Richmond,Richmond->Temple->South Florida->Duke->LSU->Texas->UCLA,6
Albany (NY),Albany (NY)->UMBC->Virginia->Georgia->Vanderbilt->Texas->UCLA,6
Indiana,Indiana->Wisconsin->Michigan State->Ole Miss->Vanderbilt->Texas->UCLA,6
Arkansas,Arkansas->Auburn->California->Notre Dame->Vanderbilt->Texas->UCLA,6
Lehigh,Lehigh->Navy->Florida->Ole Miss->Vanderbilt->Texas->UCLA,6
Cincinnati,Cincinnati->Iowa State->Kansas State->Ole Miss->Vanderbilt->Texas->UCLA,6
Drexel,Drexel->Temple->South Florida->Duke->LSU->Texas->UCLA,6
Vermont,Vermont->UMBC->Virginia->Georgia->Vanderbilt->Texas->UCLA,6
Towson,Towson->UMBC->Virginia->Georgia->Vanderbilt->Texas->UCLA,6
Bradley,Bradley->South Dakota->Kansas State->Ole Miss->Vanderbilt->Texas->UCLA,6
DePaul,DePaul->St. John's (NY)->Georgia Tech->Notre Dame->Vanderbilt->Texas->UCLA,6
Houston,Houston->UT Arlington->Texas A&M->Ole Miss->Vanderbilt->Texas->UCLA,6
Liberty,Liberty->East Carolina->South Florida->Duke->LSU->Texas->UCLA,6
Howard,Howard->Fairfield->South Florida->Duke->LSU->Texas->UCLA,6
Saint Joseph's,Saint Joseph's->Columbia->California->Notre Dame->Vanderbilt->Texas->UCLA,6
Seton Hall,Seton Hall->Auburn->California->Notre Dame->Vanderbilt->Texas->UCLA,6
Wyoming,Wyoming->South Dakota->Kansas State->Ole Miss->Vanderbilt->Texas->UCLA,6
Montana State,Montana State->Colorado->Kansas State->Ole Miss->Vanderbilt->Texas->UCLA,6
Pepperdine,Pepperdine->South Dakota->Kansas State->Ole Miss->Vanderbilt->Texas->UCLA,6
Maryland-Eastern Shore,Maryland-Eastern Shore->UMBC->Virginia->Georgia->Vanderbilt->Texas->UCLA,6
Northwestern,Northwestern->Wisconsin->Michigan State->Ole Miss->Vanderbilt->Texas->UCLA,6
BYU,BYU->Texas Tech->Mississippi State->Kentucky->LSU->Texas->UCLA,6
UNLV,UNLV->UTSA->South Florida->Duke->LSU->Texas->UCLA,6
Northern Kentucky,Northern Kentucky->Green Bay->Kansas State->Ole Miss->Vanderbilt->Texas->UCLA,6
William & Mary,William & Mary->Wake Forest->Georgia Tech->Notre Dame->Vanderbilt->Texas->UCLA,6
Georgetown,Georgetown->Wake Forest->Georgia Tech->Notre Dame->Vanderbilt->Texas->UCLA,6
Oregon State,Oregon State->Illinois->Maryland->Kentucky->LSU->Texas->UCLA,6
Penn,Penn->Columbia->California->Notre Dame->Vanderbilt->Texas->UCLA,6
Cornell,Cornell->Columbia->California->Notre Dame->Vanderbilt->Texas->UCLA,6
Brown,Brown->UMBC->Virginia->Georgia->Vanderbilt->Texas->UCLA,6
Maine,Maine->UMBC->Virginia->Georgia->Vanderbilt->Texas->UCLA,6
Harvard,Harvard->St. John's (NY)->Georgia Tech->Notre Dame->Vanderbilt->Texas->UCLA,6
Lamar,Lamar->UT Arlington->Texas A&M->Ole Miss->Vanderbilt->Texas->UCLA,6
Utah Tech,Utah Tech->UT Arlington->Texas A&M->Ole Miss->Vanderbilt->Texas->UCLA,6
American,American->UMBC->Virginia->Georgia->Vanderbilt->Texas->UCLA,6
Florida Gulf Coast,Florida Gulf Coast->Stanford->California->Notre Dame->Vanderbilt->Texas->UCLA,6
Incarnate Word,Incarnate Word->Northwestern State->McNeese->Texas A&M->Ole Miss->Vanderbilt->Texas->UCLA,7
Belmont,Belmont->Bradley->South Dakota->Kansas State->Ole Miss->Vanderbilt->Texas->UCLA,7
North Carolina Central,North Carolina Central->Maryland-Eastern Shore->UMBC->Virginia->Georgia->Vanderbilt->Texas->UCLA,7
Norfolk State,Norfolk State->Maryland-Eastern Shore->UMBC->Virginia->Georgia->Vanderbilt->Texas->UCLA,7
St. Thomas,St. Thomas->Oral Roberts->South Dakota->Kansas State->Ole Miss->Vanderbilt->Texas->UCLA,7
Morehead State,Morehead State->Marshall->UMBC->Virginia->Georgia->Vanderbilt->Texas->UCLA,7
College of Charleston,College of Charleston->Quinnipiac->Fairfield->South Florida->Duke->LSU->Texas->UCLA,7
Delaware,Delaware->Florida International->Florida Atlantic->South Florida->Duke->LSU->Texas->UCLA,7
Florida A&M,Florida A&M->Southern->Arizona->Kansas State->Ole Miss->Vanderbilt->Texas->UCLA,7
North Florida,North Florida->Austin Peay->Jacksonville->Georgia Tech->Notre Dame->Vanderbilt->Texas->UCLA,7
IU Indianapolis,IU Indianapolis->Bradley->South Dakota->Kansas State->Ole Miss->Vanderbilt->Texas->UCLA,7
Bucknell,Bucknell->Lehigh->Navy->Florida->Ole Miss->Vanderbilt->Texas->UCLA,7
FDU,FDU->NJIT->UMBC->Virginia->Georgia->Vanderbilt->Texas->UCLA,7
George Mason,George Mason->Richmond->Temple->South Florida->Duke->LSU->Texas->UCLA,7
Robert Morris,Robert Morris->Northern Kentucky->Green Bay->Kansas State->Ole Miss->Vanderbilt->Texas->UCLA,7
UIC,UIC->Illinois State->South Dakota->Kansas State->Ole Miss->Vanderbilt->Texas->UCLA,7
Loyola (IL),Loyola (IL)->Florida Gulf Coast->Florida Atlantic->South Florida->Duke->LSU->Texas->UCLA,7
Milwaukee,Milwaukee->Cleveland State->Green Bay->Kansas State->Ole Miss->Vanderbilt->Texas->UCLA,7
Davidson,Davidson->Florida Gulf Coast->Florida Atlantic->South Florida->Duke->LSU->Texas->UCLA,7
Saint Louis,Saint Louis->Dayton->Kansas->Kansas State->Ole Miss->Vanderbilt->Texas->UCLA,7
Central Arkansas,Central Arkansas->Eastern Kentucky->Utah->West Virginia->Duke->LSU->Texas->UCLA,7
SIU-Edwardsville,SIU-Edwardsville->Eastern Kentucky->Utah->West Virginia->Duke->LSU->Texas->UCLA,7
Toledo,Toledo->UMass->Florida Atlantic->South Florida->Duke->LSU->Texas->UCLA,7
Nevada,Nevada->Wyoming->South Dakota->Kansas State->Ole Miss->Vanderbilt->Texas->UCLA,7
Idaho,Idaho->Montana State->Colorado->Baylor->Duke->LSU->Texas->UCLA,7
Washington State,Washington State->Pepperdine->South Dakota->Kansas State->Ole Miss->Vanderbilt->Texas->UCLA,7
Butler,Butler->Seton Hall->Auburn->Alabama->Kentucky->LSU->Texas->UCLA,7
Wright State,Wright State->Purdue Fort Wayne->Green Bay->Kansas State->Ole Miss->Vanderbilt->Texas->UCLA,7
USC Upstate,USC Upstate->High Point->East Carolina->South Florida->Duke->LSU->Texas->UCLA,7
Middle Tennessee,Middle Tennessee->Memphis->Florida Atlantic->South Florida->Duke->LSU->Texas->UCLA,7
Tennessee State,Tennessee State->North Alabama->Jacksonville->Georgia Tech->Notre Dame->Vanderbilt->Texas->UCLA,7
Oakland,Oakland->Miami (OH)->Green Bay->Kansas State->Ole Miss->Vanderbilt->Texas->UCLA,7
Youngstown State,Youngstown State->UMass->Florida Atlantic->South Florida->Duke->LSU->Texas->UCLA,7
Chattanooga,Chattanooga->Northern Kentucky->Green Bay->Kansas State->Ole Miss->Vanderbilt->Texas->UCLA,7
Jacksonville State,Jacksonville State->Florida International->Florida Atlantic->South Florida->Duke->LSU->Texas->UCLA,7
Arkansas-Pine Bluff,Arkansas-Pine Bluff->Memphis->Florida Atlantic->South Florida->Duke->LSU->Texas->UCLA,7
West Alabama,West Alabama->UAB->UTSA->South Florida->Duke->LSU->Texas->UCLA,7
Drake,Drake->Illinois State->South Dakota->Kansas State->Ole Miss->Vanderbilt->Texas->UCLA,7
Boise State,Boise State->Tulane->Temple->South Florida->Duke->LSU->Texas->UCLA,7
East Texas A&M,East Texas A&M->Stephen F. Austin->McNeese->Texas A&M->Ole Miss->Vanderbilt->Texas->UCLA,7
UMass-Lowell,UMass-Lowell->Albany (NY)->UMBC->Virginia->Georgia->Vanderbilt->Texas->UCLA,7
LIU,LIU->American->UMBC->Virginia->Georgia->Vanderbilt->Texas->UCLA,7
Army,Army->Howard->Fairfield->South Florida->Duke->LSU->Texas->UCLA,7
George Washington,George Washington->Richmond->Temple->South Florida->Duke->LSU->Texas->UCLA,7
Alabama State,Alabama State->Southern->Arizona->Kansas State->Ole Miss->Vanderbilt->Texas->UCLA,7
Hofstra,Hofstra->Drexel->Temple->South Florida->Duke->LSU->Texas->UCLA,7
Campbell,Campbell->Drexel->Temple->South Florida->Duke->LSU->Texas->UCLA,7
Appalachian State,Appalachian State->South Alabama->Florida Atlantic->South Florida->Duke->LSU->Texas->UCLA,7
Western Michigan,Western Michigan->South Alabama->Florida Atlantic->South Florida->Duke->LSU->Texas->UCLA,7
Boston University,Boston University->Lehigh->Navy->Florida->Ole Miss->Vanderbilt->Texas->UCLA,7
Bryant,Bryant->Maine->UMBC->Virginia->Georgia->Vanderbilt->Texas->UCLA,7
Coastal Carolina,Coastal Carolina->South Alabama->Florida Atlantic->South Florida->Duke->LSU->Texas->UCLA,7
Georgia Southern,Georgia Southern->Troy->Missouri->Mississippi State->Kentucky->LSU->Texas->UCLA,7
Central Michigan,Central Michigan->Purdue->Washington->Maryland->Kentucky->LSU->Texas->UCLA,7
Georgia State,Georgia State->South Alabama->Florida Atlantic->South Florida->Duke->LSU->Texas->UCLA,7
Charleston Southern,Charleston Southern->Radford->Navy->Florida->Ole Miss->Vanderbilt->Texas->UCLA,7
New Hampshire,New Hampshire->Albany (NY)->UMBC->Virginia->Georgia->Vanderbilt->Texas->UCLA,7
Mercer,Mercer->Tulane->Temple->South Florida->Duke->LSU->Texas->UCLA,7
St. Bonaventure,St. Bonaventure->Drexel->Temple->South Florida->Duke->LSU->Texas->UCLA,7
Elon,Elon->Towson->UMBC->Virginia->Georgia->Vanderbilt->Texas->UCLA,7
ETSU,ETSU->Charlotte->Florida Atlantic->South Florida->Duke->LSU->Texas->UCLA,7
Omaha,Omaha->Oral Roberts->South Dakota->Kansas State->Ole Miss->Vanderbilt->Texas->UCLA,7
Bowling Green,Bowling Green->Purdue Fort Wayne->Green Bay->Kansas State->Ole Miss->Vanderbilt->Texas->UCLA,7
Louisiana,Louisiana->South Alabama->Florida Atlantic->South Florida->Duke->LSU->Texas->UCLA,7
Louisiana-Monroe,Louisiana-Monroe->South Alabama->Florida Atlantic->South Florida->Duke->LSU->Texas->UCLA,7
Eastern Michigan,Eastern Michigan->Duquesne->Navy->Florida->Ole Miss->Vanderbilt->Texas->UCLA,7
Monmouth,Monmouth->Drexel->Temple->South Florida->Duke->LSU->Texas->UCLA,7
Alcorn State,Alcorn State->Southern->Arizona->Kansas State->Ole Miss->Vanderbilt->Texas->UCLA,7
Northern Iowa,Northern Iowa->Illinois State->South Dakota->Kansas State->Ole Miss->Vanderbilt->Texas->UCLA,7
Queens (NC),Queens (NC)->West Georgia->Jacksonville->Georgia Tech->Notre Dame->Vanderbilt->Texas->UCLA,7
Rutgers,Rutgers->Rhode Island->NC State->Tennessee->Kentucky->LSU->Texas->UCLA,7
Wagner,Wagner->Cornell->Columbia->California->Notre Dame->Vanderbilt->Texas->UCLA,7
Sacred Heart,Sacred Heart->Iona->Navy->Florida->Ole Miss->Vanderbilt->Texas->UCLA,7
Sam Houston,Sam Houston->Liberty->East Carolina->South Florida->Duke->LSU->Texas->UCLA,7
Southern Miss,Southern Miss->Troy->Missouri->Mississippi State->Kentucky->LSU->Texas->UCLA,7
Texas-Rio Grande Valley,Texas-Rio Grande Valley->Lamar->UT Arlington->Texas A&M->Ole Miss->Vanderbilt->Texas->UCLA,7
Lafayette,Lafayette->Lehigh->Navy->Florida->Ole Miss->Vanderbilt->Texas->UCLA,7
Ball State,Ball State->Troy->Missouri->Mississippi State->Kentucky->LSU->Texas->UCLA,7
Arkansas State,Arkansas State->Tarleton State->UT Arlington->Texas A&M->Ole Miss->Vanderbilt->Texas->UCLA,7
Denver,Denver->Oral Roberts->South Dakota->Kansas State->Ole Miss->Vanderbilt->Texas->UCLA,7
Fresno State,Fresno State->Wyoming->South Dakota->Kansas State->Ole Miss->Vanderbilt->Texas->UCLA,7
Ohio,Ohio->Miami (OH)->Green Bay->Kansas State->Ole Miss->Vanderbilt->Texas->UCLA,7
Texas State,Texas State->South Alabama->Florida Atlantic->South Florida->Duke->LSU->Texas->UCLA,7
Cal State Bakersfield,Cal State Bakersfield->Wichita State->East Carolina->South Florida->Duke->LSU->Texas->UCLA,7
UC Santa Barbara,UC Santa Barbara->Eastern Washington->South Dakota->Kansas State->Ole Miss->Vanderbilt->Texas->UCLA,7
Pacific,Pacific->Santa Clara->San Diego State->Kansas State->Ole Miss->Vanderbilt->Texas->UCLA,7
UC San Diego,UC San Diego->Air Force->San Diego State->Kansas State->Ole Miss->Vanderbilt->Texas->UCLA,7
Sacramento State,Sacramento State->Eastern Washington->South Dakota->Kansas State->Ole Miss->Vanderbilt->Texas->UCLA,7
San Diego,San Diego->Pepperdine->South Dakota->Kansas State->Ole Miss->Vanderbilt->Texas->UCLA,7
New Mexico State,New Mexico State->Utah Tech->UT Arlington->Texas A&M->Ole Miss->Vanderbilt->Texas->UCLA,7
Mount St. Mary's,Mount St. Mary's->Lehigh->Navy->Florida->Ole Miss->Vanderbilt->Texas->UCLA,7
Marist,Marist->Holy Cross->Navy->Florida->Ole Miss->Vanderbilt->Texas->UCLA,7
Lipscomb,Lipscomb->Florida Gulf Coast->Florida Atlantic->South Florida->Duke->LSU->Texas->UCLA,7
Kennesaw State,Kennesaw State->Liberty->East Carolina->South Florida->Duke->LSU->Texas->UCLA,7
Louisiana Tech,Louisiana Tech->South Alabama->Florida Atlantic->South Florida->Duke->LSU->Texas->UCLA,7
Southeast Missouri State,Southeast Missouri State->Wichita State->East Carolina->South Florida->Duke->LSU->Texas->UCLA,7
Southern Illinois,Southern Illinois->Illinois State->South Dakota->Kansas State->Ole Miss->Vanderbilt->Texas->UCLA,7
SMU,SMU->Arkansas->Auburn->Alabama->Kentucky->LSU->Texas->UCLA,7
Pitt,Pitt->Cornell->Columbia->California->Notre Dame->Vanderbilt->Texas->UCLA,7
Colgate,Colgate->Lehigh->Navy->Florida->Ole Miss->Vanderbilt->Texas->UCLA,7
Siena,Siena->Iona->Navy->Florida->Ole Miss->Vanderbilt->Texas->UCLA,7
Xavier,Xavier->Purdue Fort Wayne->Green Bay->Kansas State->Ole Miss->Vanderbilt->Texas->UCLA,7
Idaho State,Idaho State->Montana State->Colorado->Baylor->Duke->LSU->Texas->UCLA,7
Merrimack,Merrimack->Iona->Navy->Florida->Ole Miss->Vanderbilt->Texas->UCLA,7
Providence,Providence->Creighton->Tulsa->Florida->Ole Miss->Vanderbilt->Texas->UCLA,7
Saint Peter's,Saint Peter's->Iona->Navy->Florida->Ole Miss->Vanderbilt->Texas->UCLA,7
Stony Brook,Stony Brook->Drexel->Temple->South Florida->Duke->LSU->Texas->UCLA,7
Colorado State,Colorado State->Oregon State->Illinois->Maryland->Kentucky->LSU->Texas->UCLA,7
Weber State,Weber State->Eastern Washington->South Dakota->Kansas State->Ole Miss->Vanderbilt->Texas->UCLA,7
North Dakota,North Dakota->Wyoming->South Dakota->Kansas State->Ole Miss->Vanderbilt->Texas->UCLA,7
Northern Colorado,Northern Colorado->Eastern Washington->South Dakota->Kansas State->Ole Miss->Vanderbilt->Texas->UCLA,7
Western Illinois,Western Illinois->Bradley->South Dakota->Kansas State->Ole Miss->Vanderbilt->Texas->UCLA,7
Saint Mary's,Saint Mary's->Wyoming->South Dakota->Kansas State->Ole Miss->Vanderbilt->Texas->UCLA,7
Montana,Montana->Tarleton State->UT Arlington->Texas A&M->Ole Miss->Vanderbilt->Texas->UCLA,7
Portland,Portland->Oregon State->Illinois->Maryland->Kentucky->LSU->Texas->UCLA,7
Hampton,Hampton->William & Mary->Wake Forest->Georgia Tech->Notre Dame->Vanderbilt->Texas->UCLA,7
Hawaii,Hawaii->Liberty->East Carolina->South Florida->Duke->LSU->Texas->UCLA,7
Alabama A&M,Alabama A&M->Southern->Arizona->Kansas State->Ole Miss->Vanderbilt->Texas->UCLA,7
Western Kentucky,Western Kentucky->Wichita State->East Carolina->South Florida->Duke->LSU->Texas->UCLA,7
San Francisco,San Francisco->Pepperdine->South Dakota->Kansas State->Ole Miss->Vanderbilt->Texas->UCLA,7
Lindenwood,Lindenwood->Oral Roberts->South Dakota->Kansas State->Ole Miss->Vanderbilt->Texas->UCLA,7
UC Irvine,UC Irvine->Wichita State->East Carolina->South Florida->Duke->LSU->Texas->UCLA,7
VCU,VCU->Howard->Fairfield->South Florida->Duke->LSU->Texas->UCLA,7
Longwood,Longwood->High Point->East Carolina->South Florida->Duke->LSU->Texas->UCLA,7
South Carolina State,South Carolina State->West Georgia->Jacksonville->Georgia Tech->Notre Dame->Vanderbilt->Texas->UCLA,7
Loyola Marymount,Loyola Marymount->Oregon State->Illinois->Maryland->Kentucky->LSU->Texas->UCLA,7
Evansville,Evansville->Illinois State->South Dakota->Kansas State->Ole Miss->Vanderbilt->Texas->UCLA,7
La Salle,La Salle->Rhode Island->NC State->Tennessee->Kentucky->LSU->Texas->UCLA,7
Utah State,Utah State->Air Force->San Diego State->Kansas State->Ole Miss->Vanderbilt->Texas->UCLA,7
Dartmouth,Dartmouth->Iona->Navy->Florida->Ole Miss->Vanderbilt->Texas->UCLA,7
Murray State,Murray State->Memphis->Florida Atlantic->South Florida->Duke->LSU->Texas->UCLA,7
Yale,Yale->American->UMBC->Virginia->Georgia->Vanderbilt->Texas->UCLA,7
Gonzaga,Gonzaga->Oregon State->Illinois->Maryland->Kentucky->LSU->Texas->UCLA,7
Detroit Mercy,Detroit Mercy->Cleveland State->Green Bay->Kansas State->Ole Miss->Vanderbilt->Texas->UCLA,7
New Orleans,New Orleans->Incarnate Word->Northwestern State->McNeese->Texas A&M->Ole Miss->Vanderbilt->Texas->UCLA,8
Indiana State,Indiana State->Western Kentucky->Wichita State->East Carolina->South Florida->Duke->LSU->Texas->UCLA,8
Buffalo,Buffalo->Toledo->Kent State->Tulsa->Florida->Ole Miss->Vanderbilt->Texas->UCLA,8
Coppin State,Coppin State->Sacred Heart->Iona->Navy->Florida->Ole Miss->Vanderbilt->Texas->UCLA,8
UNC Greensboro,UNC Greensboro->Mercer->Tulane->Temple->South Florida->Duke->LSU->Texas->UCLA,8
Seattle,Seattle->San Diego->Pepperdine->South Dakota->Kansas State->Ole Miss->Vanderbilt->Texas->UCLA,8
Winthrop,Winthrop->Queens (NC)->West Georgia->Jacksonville->Georgia Tech->Notre Dame->Vanderbilt->Texas->UCLA,8
Samford,Samford->Stony Brook->Drexel->Temple->South Florida->Duke->LSU->Texas->UCLA,8
Eastern Illinois,Eastern Illinois->Tennessee State->North Alabama->Jacksonville->Georgia Tech->Notre Dame->Vanderbilt->Texas->UCLA,8
Saint Francis (PA),Saint Francis (PA)->Wagner->Cornell->Columbia->California->Notre Dame->Vanderbilt->Texas->UCLA,8
Le Moyne,Le Moyne->Lafayette->Lehigh->Navy->Florida->Ole Miss->Vanderbilt->Texas->UCLA,8
UTEP,UTEP->Delaware->Florida International->Florida Atlantic->South Florida->Duke->LSU->Texas->UCLA,8
Northeastern,Northeastern->Yale->American->UMBC->Virginia->Georgia->Vanderbilt->Texas->UCLA,8
Bellarmine,Bellarmine->Wright State->Purdue Fort Wayne->Green Bay->Kansas State->Ole Miss->Vanderbilt->Texas->UCLA,8
Boston College,Boston College->New Hampshire->Albany (NY)->UMBC->Virginia->Georgia->Vanderbilt->Texas->UCLA,8
Bethune-Cookman,Bethune-Cookman->Florida A&M->Southern->Arizona->Kansas State->Ole Miss->Vanderbilt->Texas->UCLA,8
UNC Wilmington,UNC Wilmington->North Carolina Central->Maryland-Eastern Shore->UMBC->Virginia->Georgia->Vanderbilt->Texas->UCLA,8
Fordham,Fordham->Stony Brook->Drexel->Temple->South Florida->Duke->LSU->Texas->UCLA,8
UNC Asheville,UNC Asheville->South Carolina State->West Georgia->Jacksonville->Georgia Tech->Notre Dame->Vanderbilt->Texas->UCLA,8
Texas A&M-Corpus Christi,Texas A&M-Corpus Christi->Incarnate Word->Northwestern State->McNeese->Texas A&M->Ole Miss->Vanderbilt->Texas->UCLA,8
Chicago State,Chicago State->Wagner->Cornell->Columbia->California->Notre Dame->Vanderbilt->Texas->UCLA,8
Furman,Furman->Georgia State->James Madison->Virginia Tech->Clemson->Duke->LSU->Texas->UCLA,8
Jackson State,Jackson State->Alabama State->Southern->Arizona->Kansas State->Ole Miss->Vanderbilt->Texas->UCLA,8
Manhattan,Manhattan->Saint Peter's->Iona->Navy->Florida->Ole Miss->Vanderbilt->Texas->UCLA,8
Nicholls State,Nicholls State->Alcorn State->Southern->Arizona->Kansas State->Ole Miss->Vanderbilt->Texas->UCLA,8
UT-Martin,UT-Martin->Lipscomb->Stetson->Jacksonville->Georgia Tech->Notre Dame->Vanderbilt->Texas->UCLA,8
Gardner-Webb,Gardner-Webb->Hampton->William & Mary->Wake Forest->Georgia Tech->Notre Dame->Vanderbilt->Texas->UCLA,8
Southeastern Louisiana,Southeastern Louisiana->East Texas A&M->Stephen F. Austin->McNeese->Texas A&M->Ole Miss->Vanderbilt->Texas->UCLA,8
Southern Indiana,Southern Indiana->SIU-Edwardsville->Eastern Kentucky->Utah->West Virginia->Duke->LSU->Texas->UCLA,8
Northern Illinois,Northern Illinois->SIU-Edwardsville->Eastern Kentucky->Utah->West Virginia->Duke->LSU->Texas->UCLA,8
Stonehill,Stonehill->Wagner->Cornell->Columbia->California->Notre Dame->Vanderbilt->Texas->UCLA,8
Tennessee Tech,Tennessee Tech->Lipscomb->Florida Gulf Coast->Florida Atlantic->South Florida->Duke->LSU->Texas->UCLA,8
North Carolina A&T,North Carolina A&T->North Carolina Central->Maryland-Eastern Shore->UMBC->Virginia->Georgia->Vanderbilt->Texas->UCLA,8
Wofford,Wofford->Charleston Southern->Radford->Navy->Florida->Ole Miss->Vanderbilt->Texas->UCLA,8
Little Rock,Little Rock->Central Arkansas->Eastern Kentucky->Utah->West Virginia->Duke->LSU->Texas->UCLA,8
UC Riverside,UC Riverside->Hawaii->Liberty->East Carolina->South Florida->Duke->LSU->Texas->UCLA,8
Akron,Akron->Toledo->Kent State->Tulsa->Florida->Ole Miss->Vanderbilt->Texas->UCLA,8
Cal Poly,Cal Poly->Cal State Bakersfield->Wichita State->East Carolina->South Florida->Duke->LSU->Texas->UCLA,8
Northern Arizona,Northern Arizona->UC San Diego->Air Force->San Diego State->Kansas State->Ole Miss->Vanderbilt->Texas->UCLA,8
UC Davis,UC Davis->Idaho->Montana State->Colorado->Baylor->Duke->LSU->Texas->UCLA,8
Houston Christian,Houston Christian->East Texas A&M->Stephen F. Austin->McNeese->Texas A&M->Ole Miss->Vanderbilt->Texas->UCLA,8
Canisius,Canisius->Wright State->Purdue Fort Wayne->Green Bay->Kansas State->Ole Miss->Vanderbilt->Texas->UCLA,8
Mercyhurst,Mercyhurst->LIU->American->UMBC->Virginia->Georgia->Vanderbilt->Texas->UCLA,8
Grambling,Grambling->Arkansas-Pine Bluff->Memphis->Florida Atlantic->South Florida->Duke->LSU->Texas->UCLA,8
Morgan State,Morgan State->North Carolina Central->Maryland-Eastern Shore->UMBC->Virginia->Georgia->Vanderbilt->Texas->UCLA,8
Cal State Northridge,Cal State Northridge->San Diego->Pepperdine->South Dakota->Kansas State->Ole Miss->Vanderbilt->Texas->UCLA,8
Cal State Fullerton,Cal State Fullerton->Pacific->Santa Clara->San Diego State->Kansas State->Ole Miss->Vanderbilt->Texas->UCLA,8
Portland State,Portland State->Weber State->Utah Tech->UT Arlington->Texas A&M->Ole Miss->Vanderbilt->Texas->UCLA,8
Delaware State,Delaware State->North Carolina Central->Maryland-Eastern Shore->UMBC->Virginia->Georgia->Vanderbilt->Texas->UCLA,8
Kansas City,Kansas City->Omaha->Oral Roberts->South Dakota->Kansas State->Ole Miss->Vanderbilt->Texas->UCLA,8
Texas Southern,Texas Southern->Arkansas-Pine Bluff->Memphis->Florida Atlantic->South Florida->Duke->LSU->Texas->UCLA,8
Mississippi Valley State,Mississippi Valley State->Lipscomb->Stetson->Jacksonville->Georgia Tech->Notre Dame->Vanderbilt->Texas->UCLA,8
Rider,Rider->Lafayette->Loyola (MD)->UMBC->Virginia->Georgia->Vanderbilt->Texas->UCLA,8
Delta State,Delta State->Louisiana->South Alabama->Florida Atlantic->South Florida->Duke->LSU->Texas->UCLA,8
Long Beach State,Long Beach State->Cal State Bakersfield->Wichita State->East Carolina->South Florida->Duke->LSU->Texas->UCLA,8
San Jose State,San Jose State->Sacramento State->Eastern Washington->South Dakota->Kansas State->Ole Miss->Vanderbilt->Texas->UCLA,8
Scranton,Scranton->Pitt->Cornell->Columbia->California->Notre Dame->Vanderbilt->Texas->UCLA,8
Faulkner University,Faulkner University->Alabama State->Southern->Arizona->Kansas State->Ole Miss->Vanderbilt->Texas->UCLA,8
Roosevelt,Roosevelt->Western Michigan->South Alabama->Florida Atlantic->South Florida->Duke->LSU->Texas->UCLA,8
Rochester Christian,Rochester Christian->Detroit Mercy->Cleveland State->Green Bay->Kansas State->Ole Miss->Vanderbilt->Texas->UCLA,8
Presbyterian,Presbyterian->Gardner-Webb->Hampton->William & Mary->Wake Forest->Georgia Tech->Notre Dame->Vanderbilt->Texas->UCLA,9
Central Connecticut,Central Connecticut->Chicago State->Wagner->Cornell->Columbia->California->Notre Dame->Vanderbilt->Texas->UCLA,9
New Haven,New Haven->Stonehill->Wagner->Cornell->Columbia->California->Notre Dame->Vanderbilt->Texas->UCLA,9
Niagara,Niagara->Rider->Lafayette->Loyola (MD)->UMBC->Virginia->Georgia->Vanderbilt->Texas->UCLA,9
Carnegie Mellon,Carnegie Mellon->Saint Francis (PA)->Wagner->Cornell->Columbia->California->Notre Dame->Vanderbilt->Texas->UCLA,9
Johns Hopkins,Johns Hopkins->Morgan State->North Carolina Central->Maryland-Eastern Shore->UMBC->Virginia->Georgia->Vanderbilt->Texas->UCLA,9
Loyola (LA),Loyola (LA)->New Orleans->Incarnate Word->Northwestern State->McNeese->Texas A&M->Ole Miss->Vanderbilt->Texas->UCLA,9
Edward Waters,Edward Waters->Bethune-Cookman->Florida A&M->Southern->Arizona->Kansas State->Ole Miss->Vanderbilt->Texas->UCLA,9
